,Title,Published_date,Views,likes,Comments
0,What If the James Webb Telescope Found Alien Life? #Shorts,2022-12-31,11903,934,25
1,What If There's Life on Kepler 69c?,2022-12-30,55744,1788,213
2,What If You Never Threw Anything Away? #Shorts,2022-12-29,21905,1299,28
3,What If Earth Orbited Jupiter?,2022-12-28,102084,2794,288
4,What If the Oceans Were Made of Gasoline? #Shorts,2022-12-27,28710,1700,42
5,The Best What If Scenarios of 2022,2022-12-27,47391,1442,59
6,What If Your Body Could Be Recycled? #Shorts,2022-12-24,31325,1666,27
7,What If the Universe Is Conscious?,2022-12-23,139440,4691,730
8,What If You Jumped Into a Pool of Bromine? #Shorts,2022-12-22,30385,1659,20
9,Scientists Discovered Planets Even Better for Life Than Earth,2022-12-21,1552581,8177,1202
10,What If You Traveled to Uranus? #Shorts,2022-12-20,30674,1951,83
11,What If an Ice Tsunami Hit the United States? #Shorts,2022-12-17,41735,2437,54
12,What If Earth Was As Small as Pluto?,2022-12-16,103354,3171,243
13,What If Mullaperiyar Dam Suddenly Collapsed? #Shorts,2022-12-15,36037,2408,133
14,Avatar’s Pandora in Real Life is Terrifying,2022-12-14,247761,7842,329
15,What If You Ate 100 Hot Dogs In One Day? #Shorts,2022-12-13,37843,1956,49
16,What If We Knew What Would Happen in the Next 100 Years? #Shorts,2022-12-10,368147,32521,324
17,What If Humans Suddenly Went Extinct?,2022-12-09,135847,4349,409
18,What If You Were Injected With Graphene? #Shorts,2022-12-08,1254718,82711,502
19,What If Earth Reached Boiling Point for 5 Seconds?,2022-12-07,70682,2269,158
20,What If Earth Was a Massive Global City? #Shorts,2022-12-06,41470,2394,110
21,What If You Lit a Match on Jupiter? #Shorts,2022-12-03,1207151,105595,803
22,What If You Traveled Through a Black Hole?,2022-12-02,161057,4986,442
23,What If Your Brain Stopped Working for 5 Seconds? #Shorts,2022-12-01,442167,45826,295
24,What If Earth’s Population Lived in the Same Skyscraper?,2022-11-30,141296,2946,337
25,What If We Drilled Through a Volcano? #Shorts,2022-11-29,76164,6793,53
26,What If There Were an Alien Civilisation on Proxima b? #Shorts,2022-11-26,618243,60364,387
27,What If You Crashed on an Alien Planet?,2022-11-25,124835,3451,231
28,What If These 3 Things Disappeared for 5 Seconds? #Shorts,2022-11-24,3056074,246720,1329
29,Top 10 Events That Will End the World,2022-11-23,548266,7496,759
30,Top 3 Worst Things You Could Eat #Shorts,2022-11-22,70612,3674,86
31,What If Humans Had a Mating Season? #Shorts,2022-11-19,1449664,78824,675
32,What If the Moon Orbited Earth Faster?,2022-11-18,89620,2676,288
33,What If We Woke Up Volcanoes to Fight Climate Change? #Shorts,2022-11-17,140863,11761,109
34,What If Earth Was a Spaceship?,2022-11-16,61727,1876,163
35,What If You Were Raised by Wild Animals? #Shorts,2022-11-15,97021,7844,54
36,What If the World Lost Oxygen for an Hour? #Shorts,2022-11-12,2448399,204359,2230
37,What If All Underwater Volcanoes Erupted?,2022-11-11,96656,2512,150
38,Top 5 Extinct Creatures #Shorts,2022-11-10,74302,5098,101
39,What If Lizard People Ruled the World?,2022-11-09,52899,1623,365
40,Top 3 Coolest Space Megastructures #Shorts,2022-11-08,104407,7809,102
41,What If All the World's Ice Melted? #Shorts,2022-11-05,389892,45318,294
42,What If We Nuked Jupiter?,2022-11-04,587552,10159,1063
43,Top What If Scenarios Recap,2022-11-03,237547,2959,210
44,What If Everyone Farted at the Same Time? #Shorts,2022-11-03,799701,38543,460
45,What If Cthulhu Was Real?,2022-11-02,96620,3318,465
46,What If You Could Melt Metal With Your Hands? #Shorts,2022-11-01,317542,22002,112
47,What If Earth Gradually Came to a Standstill?,2022-10-30,473300,7397,547
48,What If We Sent All Trash Into the Sun? #Shorts,2022-10-28,85450,5359,66
49,What If You Wore 100 Layers of Makeup? #Shorts,2022-10-27,3101801,146146,664
50,What If Jupiter Collided With Earth?,2022-10-26,234346,5047,488
51,What If You Were Attacked by a Megalodon? #shorts,2022-10-26,112951,8864,109
52,What If Aliens Lived on The Moon?,2022-10-22,69031,2174,177
53,What If You Stopped Sweating? #Shorts,2022-10-21,125637,9890,89
54,What If There Were Life After Death?,2022-10-20,580189,56000,857
55,What If Earth’s Oceans Evaporated?,2022-10-19,102150,3186,224
56,What If You Fell Into a Pool Filled Snake Venom? #Shorts,2022-10-18,2629410,148933,578
57,What If AI Could Produce Better Art Than Humans? #Shorts,2022-10-15,83878,5128,81
58,What If Kepler 22-b Was in Our Solar System?,2022-10-14,330250,8152,454
59,What If Earth Was Spinning at the Speed of Light? #Shorts,2022-10-13,3893410,348865,2867
60,What If The Empire State Building Was Swallowed by a Sinkhole?,2022-10-12,57104,1467,160
61,What If Our Oceans Froze? #Shorts,2022-10-11,147472,12238,82
62,What If We Vaccinated All Animals for Covid-19? #Shorts,2022-10-09,134641,8100,129
63,What If the Largest Black Hole Entered Our Solar System?,2022-10-08,208631,5305,524
64,What If You Only Ate Raw Meat? #Shorts,2022-10-07,135619,9882,119
65,What If You Drank Snake Venom? #Shorts,2022-10-05,120378,7246,65
66,What If We Built a Bridge Into Space?,2022-10-04,73576,2143,162
67,What If There Was a Secret Civilization Hiding in the Amazon?,2022-10-02,83273,2757,213
68,What If Bees Disappeared #Shorts,2022-10-01,290123,21355,268
69,What If Earth Was a Pulsar Planet?,2022-09-30,137544,4112,229
70,What If You Visited the Galaxy’s Most Dangerous Planet?,2022-09-27,391232,8331,422
71,What if You Shed Your Skin Like a Snake? #Shorts,2022-09-26,3504735,130494,1065
72,What If All Helium Disappeared for 5 Seconds?,2022-09-25,141501,4069,211
73,What If You Jumped Into a Pool Full of Honey? #Shorts,2022-09-24,2495292,184962,844
74,What If Earth Had Jupiter’s Atmosphere?,2022-09-23,121564,3417,253
75,"What If You Fell Off the World's Tallest Building?"" #Shorts",2022-09-22,477242,53634,404
76,What If a Megalodon Shark Fought the Kraken? #Shorts,2022-09-19,3143317,249660,1315
77,What If You Were Caught in a Riptide?,2022-09-18,97119,2396,158
78,What If Your Tongue Was Twice as Long? #Shorts,2022-09-17,1902346,88628,535
79,What If the Megalodon Shark Never Went Extinct?,2022-09-16,105543,2913,206
80,What If You Were Trapped in a Grocery Store for the Rest of Your Life? #Shorts,2022-09-15,2687462,172810,1464
81,What If Earth Was Half Land and Half Water?,2022-09-14,687777,15712,781
82,What If You Ate the Spiciest Pepper in the World? #Shorts,2022-09-12,1087057,60525,577
83,What If You Drank Radioactive Tritium?,2022-09-11,157150,4397,297
84,What If Seeds Could Grow in Your Stomach? #Shorts,2022-09-10,3214391,187014,808
85,What Happens When the Queen Dies?,2022-09-09,4741004,46224,2510
86,What If You Lose Your Teeth Overnight? #Shorts,2022-09-08,174426,9833,108
87,What If We Entered a New Ice Age?,2022-09-07,173229,4832,427
88,What If We Killed All Mosquitoes? #Shorts,2022-09-05,10571465,714138,17030
89,What If You Fell into a Yellowstone Hot Spring?,2022-09-04,111961,2284,116
90,What If You Drank from Lake Natron? #Shorts,2022-09-03,312558,27691,117
91,What If Latin America Was a Single Country?,2022-09-02,56600,1904,373
92,What If Giant Bugs Roamed the Earth?,2022-09-01,121439,3365,347
93,What If You Mated With Neanderthals? #Shorts,2022-08-31,1762110,77210,1024
94,What If You Lived in the Stone Age?,2022-08-30,89754,2576,181
95,What If You Touched Absolute Zero? #Shorts,2022-08-29,40805,1878,131
96,What If South America and Africa Joined Together?,2022-08-27,82357,2507,258
97,What If You Ate Nothing But Caviar for a Month? #shorts,2022-08-26,24692,998,68
98,What If All the Planets Doubled in Size?,2022-08-25,450329,9082,697
99,What If You Swallowed Gallium? #Shorts,2022-08-24,21369,985,95
100,Most Dangerous Things You Could Jump Into,2022-08-23,373271,4658,298
101,What If Your Whole Body Was Magnetized? #Shorts,2022-08-22,1253031,76165,424
102,What If You Were Sucked Into a Fire Tornado?,2022-08-20,58290,1762,179
103,What If Yellowstone Erupted Tomorrow? #Shorts,2022-08-19,50144,1605,165
104,What If a Rogue Star Collided With the Sun?,2022-08-18,168990,5020,312
105,What If You Dumped an Iceberg into a Volcano? #Shorts,2022-08-17,35045,1575,93
106,What If Earth Had Jupiter's Magnetic Field?,2022-08-16,178388,5079,252
107,What If You Fell into Jupiter? #Shorts,2022-08-15,616203,54189,504
108,What If South America Disappeared?,2022-08-13,200052,4275,467
109,What If You Were Bitten By 1 Million Mosquitos? #Shorts,2022-08-12,6353665,313898,2316
110,What If the Argentinosaurus Was Alive Today?,2022-08-11,146104,3437,380
111,What If You Were the Only Woman on Earth? #Shorts,2022-08-10,2936141,236333,4806
112,What If You Had Eyes Like a Fly?,2022-08-09,110836,3172,223
113,What If a Magnitude 20 Earthquake Hits? #Shorts,2022-08-08,327043,25610,194
114,What If We Created the Next Human Species?,2022-08-06,105623,3294,282
115,What If Your Skin was Bulletproof? #Shorts,2022-08-05,11939777,751402,5744
116,What If You Took a Ride on Halley's Comet?,2022-08-04,147875,3701,233
117,What If You Were the Only Person Left on Earth #Shorts,2022-08-03,4851555,399374,2795
118,What If You Were Attacked by a Komodo Dragon?,2022-08-02,145486,3674,281
119,What If You Stopped Brushing Your Teeth? #Shorts,2022-08-01,2305085,131425,2586
120,What If Olympus Mons Was Located in South America?,2022-07-30,924637,17007,837
121,What If You Were Swallowed by a Hippo? #Shorts,2022-07-30,5313930,216090,673
122,What If Jupiter Collided With the Smallest Star?,2022-07-28,609041,11408,752
123,What If Earth Was Shaped Like a Football? #Shorts,2022-07-27,1692217,144992,1203
124,What If You Were Swallowed by a Whale? #Shorts,2022-07-25,582376,44468,469
125,Top 5 Doomsday Scenarios #Shorts,2022-07-22,3540309,282205,4412
126,What If We Nuked the Sun?,2022-07-22,307329,8020,951
127,What If We Had To Rebuild Human Society From Scratch?,2022-07-21,106167,3548,338
128,What If Mosasaurus Was Still Alive? #Shorts,2022-07-20,2059336,133694,838
129,What If We Brought Dinosaurs Back From Extinction?,2022-07-19,159568,4614,410
130,What If You Ate Mold? #Shorts,2022-07-18,165468,9489,87
131,What If Everything You Touched Turned Into Gold?,2022-07-16,149491,3577,355
132,What If an Asteroid Cracked the Moon in Half?,2022-07-15,341548,7455,452
133,What If We Stopped Procreating for 50 Years?,2022-07-14,112928,3502,418
134,What If You Lived on Kepler 22-b? #Shorts,2022-07-13,1905236,186790,1038
135,What If You Could Power a Spaceship with Antimatter?,2022-07-12,118847,3832,252
136,What If You Lived on Kepler 22-b?,2022-07-09,2194759,42183,3108
137,What If Mt. Fuji Exploded Tomorrow? #Shorts,2022-07-08,245410,26261,158
138,What If the Strongest Hurricane Ever Hit New York? #Shorts,2022-07-07,159655,11890,130
139,What If a Tornado Hit a Hurricane?,2022-07-07,849294,12597,920
140,What If the Earth Was Always Facing the Sun?,2022-07-05,203633,5061,308
141,What If Jupiter's Storm Existed on Earth?,2022-07-01,320285,8341,576
142,What If Titanosaurs Never Went Extinct? #Shorts,2022-06-30,1659996,151079,771
143,What If You Mated With an Alien?,2022-06-29,106157,3968,517
144,What If the Earth Was Actually Flat? #Shorts,2022-06-28,5718737,571565,15459
145,What If Crypto Suddenly Got Banned? #Shorts,2022-06-27,313134,23368,124
146,What If Mt. Fuji Exploded Tomorrow?,2022-06-26,282200,6559,459
147,What If Everyone Turned off Their Lights for an Hour? #Shorts,2022-06-25,1767548,175551,1490
148,What If We Replaced Our Moon With a Disco Ball?,2022-06-24,126710,3832,402
149,What If Spinosaurs Were Still Swimming Today? #Shorts,2022-06-23,128864,10054,101
150,What If Putin Never Came to Power?,2022-06-22,52240,1920,469
151,What If You Aged Backwards?,2022-06-18,120299,3543,317
152,What If You Were Swallowed by a Crocodile? #Shorts,2022-06-17,674024,32024,223
153,What If Ukraine Couldn't Grow Food This Summer?,2022-06-16,40927,1467,241
154,What If You Were Infected by the Cordyceps Fungus? #Shorts,2022-06-15,1504097,85008,870
155,What If Aliens Came to Earth a Million Years in the Future?,2022-06-14,125358,4343,302
156,What If You Went Surfing on a Tsunami? #Shorts,2022-06-13,600500,57403,157
157,What If You Get Swallowed by an Anaconda? #Shorts,2022-06-10,384601,19308,139
158,What If You Swallowed the World's Most Powerful Magnet?,2022-06-09,159279,3953,260
159,What If You Fell Into the Deepest Hole on Earth? #Shorts,2022-06-08,801341,72465,574
160,What If Styxosaurus Was Alive?,2022-06-07,743805,11925,429
161,What If You Fell Into Quicksand? #Shorts,2022-06-06,10864127,677631,1881
162,What If We Went on a Search for Alien Life?,2022-06-04,129242,4007,452
163,What If You Got Monkeypox?,2022-06-03,161410,5059,684
164,What If You Stopped Sleeping? #Shorts,2022-06-02,1367339,101144,935
165,What If You Fell Into a Piranha Pool? #Shorts,2022-06-01,3515766,263497,742
166,What If Venus and Mars Swapped Orbits?,2022-05-31,489541,10673,623
167,What If You Jumped Into Lake Natron? #Shorts,2022-05-30,524244,62491,389
168,What If There Were Aliens at the Bottom of the Mariana Trench?,2022-05-28,159899,5107,279
169,What If We Brought Europa's Ocean Water to Earth?,2022-05-26,369709,8528,561
170,What If You Had Camouflage Skin?,2022-05-24,54431,1822,135
171,What If the Earth Was Spinning on Its Side? #Shorts,2022-05-22,3807617,322395,2220
172,What If the Earth Was Spinning on Its Side?,2022-05-21,215046,4945,419
173,What If the Sun Was a Blue Star?,2022-05-19,621996,15013,819
174,What If You Were Born on the Moon? #Shorts,2022-05-18,4763936,450560,1228
175,What If the Moon Was Flat?,2022-05-17,204798,4756,493
176,What If You Didn't Blink for a Week?,2022-05-14,182485,4747,321
177,What If Humans Were Silicon-Based Instead of Carbon-Based?,2022-05-13,366859,7275,433
178,What If Ice Was Hot Instead of Cold? #Shorts,2022-05-12,5981445,451903,1075
179,What If Mountains Were Sleeping Giants? #Shorts,2022-05-11,582420,51665,393
180,What If You Were Born on the Moon?,2022-05-10,178864,6137,407
181,What if Earth Dropped to Absolute Zero for 5 Seconds?,2022-05-07,828348,15234,1019
182,What If You Didn't Wash Your Hair for a Year? #Shorts,2022-05-06,168314,10910,124
183,What If We Put Solar Panels Around the Sun?,2022-05-05,374930,8243,623
184,What If Kraken Existed? #Shorts,2022-05-04,461638,44516,379
185,What If You Were Attacked by a T. rex?,2022-05-03,106021,3063,349
186,What If You Lived in the Hottest Place on Earth?,2022-04-30,140409,3930,490
187,What Happens If You Fall Into a Pool of Liquid Nitrogen? #Shorts,2022-04-29,468594,39059,252
188,What If Earth Was Sandwiched Between Two Asteroid Belts?,2022-04-28,124827,3243,177
189,What If You Jumped Into a Pool of Liquid Mercury? #Shorts,2022-04-27,25278865,1798646,6398
190,What If You Visited Earth's Next Space Station?,2022-04-26,63137,2022,129
191,What If the Megalodon Shark Fought the Leviathan Whale?,2022-04-23,229952,5573,661
192,What If the Sun Collided With a Black Hole?,2022-04-21,505696,10701,662
193,What If the Megalodon Shark Fought the Mosasaurus? #Shorts,2022-04-20,961176,57480,624
194,What If You Fell Into Lake Nyos?,2022-04-19,157418,4254,196
195,Top 5 Doomsday Scenarios - part 2 #Shorts,2022-04-18,688168,80391,505
196,What If You Didn't Sleep For a Week?,2022-04-16,274227,6703,543
197,What If You Drank Toilet Water? #Shorts,2022-04-15,807288,66402,569
198,What If Russia Crashed the International Space Station?,2022-04-14,284481,4447,515
199,What If You Ate a Brick of Dry Ice? #Shorts,2022-04-13,5937905,603157,2108
200,What If the Earth Was a Polyhedron?,2022-04-12,184990,5052,363
201,What If Russia Launched a Nuke?,2022-04-10,519916,12480,2339
202,What If the Largest Asteroid Hit Earth? #Shorts,2022-04-09,5073579,393524,3658
203,What If You Survived the End of the Solar System?,2022-04-08,579093,12480,730
204,What If You Spent a Month on Snake Island?,2022-04-06,138455,3589,252
205,What If the Largest Asteroid Hit Earth?,2022-04-03,1142665,16922,1185
206,What Happens If You Don't Shower for a Month? #Shorts,2022-04-02,347097,18607,455
207,What If You Jumped on Every Planet in the Solar System?,2022-04-01,134316,3673,261
208,What If You Lived in a Cosmic Skyscraper?,2022-03-31,135207,4128,222
209,What If You Spent 24 Hours in a Hot Spring? #Shorts,2022-03-30,162841,10314,73
210,What If We Could Turn Deserts Into Farmland?,2022-03-29,116201,3651,244
211,What If You Had Three Eyes?,2022-03-27,138435,4032,384
212,What If You Spent a Week in Your Bathtub? #Shorts,2022-03-26,6261986,385702,1518
213,What If the Earth Had No Core?,2022-03-25,208313,6086,369
214,What If You Were Bitten by a Million Ticks? #Shorts,2022-03-23,184134,10264,106
215,What If You Spent 24 Hours in a Hot Spring?,2022-03-22,87601,2383,143
216,What If Everyone Started Inbreeding Tomorrow? #Shorts,2022-03-19,3102130,156484,1590
217,What If Sea Levels Suddenly Rose 500 Meters?,2022-03-18,231330,5170,471
218,What If China Invades Russia?,2022-03-17,392189,10736,2409
219,What If Megalodon Sharks Never Went Extinct? #Shorts,2022-03-16,388793,23975,248
220,What If a Marshmallow Hit the Earth at the Speed of Light?,2022-03-15,574664,11626,901
221,What If a Meteorite Crashed Into Your Home?,2022-03-12,91017,2450,199
222,What If You Only Drank Coca-Cola? #Shorts,2022-03-11,281541,19621,316
223,What If it Rained Volcanic Glass?,2022-03-10,52765,1928,159
224,What Happens If You Jumped Into a Pool Full of Stomach Acid? #Shorts,2022-03-09,3722836,263954,1957
225,What If Putin Died?,2022-03-08,752846,23202,4254
226,What If Everyone Lived for 150 Years?,2022-03-05,118026,3571,422
227,What If You Touched the Sun?,2022-03-03,379670,9764,616
228,What If Birds Were Actually Government Surveillance Drones?,2022-03-01,55142,1882,260
229,What If You Were in Ukraine Right Now?,2022-02-27,282459,13230,1650
230,What If You Lived on Uranus?,2022-02-26,340529,11367,1508
231,What If You Climbed the Highest Mountain in the Solar System?,2022-02-25,168188,5513,248
232,What If The Sun Was Smaller Than the Earth? #Shorts,2022-02-24,5031130,423274,1386
233,All Planets in the Habitable Zone #Shorts,2022-02-23,1584570,160074,462
234,What If You Were Attacked by a Bear?,2022-02-22,103542,2850,246
235,What If You Never Threw Anything Away?,2022-02-20,42224,1631,140
236,What If Men Could Get Pregnant? #Shorts,2022-02-19,757123,46139,1911
237,What If Earth Was the Size of Jupiter? #Shorts,2022-02-18,8735089,703027,3764
238,What If We Nuked the Mariana Trench?,2022-02-17,381243,8676,426
239,What If a Gamma-Ray Burst Hit a Black Hole?,2022-02-15,312712,9685,408
240,What If You Could Make Spider Web Like Spider-Man?,2022-02-13,127120,4511,238
241,Don't Do This if There Is a Spider Inside You #Shorts,2022-02-12,13378273,483537,2668
242,What If You Lived in the Paleozoic Era?,2022-02-11,319004,9210,561
243,Living in the Paleozoic Era #Shorts,2022-02-10,6907771,610955,2348
244,What If the James Webb Telescope Found Alien Life?,2022-02-09,256024,8904,811
245,Uranus or Ur-A-nus? #Shorts,2022-02-07,960315,67022,1905
246,What If Russia Started World War 3?,2022-02-06,2181089,56722,8382
247,Where Are Megalodon Sharks Hiding? #Shorts,2022-02-05,1966441,168570,844
248,What If You Were Alive During the Big Bang?,2022-02-04,246002,7687,693
249,What If Men Could Get Pregnant?,2022-02-03,232177,6195,1273
250,What If the Oceans Were Made of Gasoline?,2022-01-28,109472,3625,303
251,What If Earth Was the Size of Jupiter?,2022-01-25,702517,18301,984
252,What If You Were Sucked Into a Whirlpool?,2022-01-23,186674,4059,246
253,What If All the Planets of the Solar System Were in the Habitable Zone?,2022-01-21,1034145,22802,840
254,"What If You Evolved 1,000 Years in a Day?",2022-01-19,307538,8226,512
255,What If the Multiverse Was Real?,2022-01-16,200444,7596,832
256,What If We Could Create a New Planet?,2022-01-14,256601,7443,459
257,What If the Oceans Caught Fire?,2022-01-12,146120,4159,290
258,What If Mars Had Rings Like Saturn?,2022-01-09,170182,4924,352
259,What If Mullaperiyar Dam Suddenly Collapsed?,2022-01-07,328805,18963,2227
260,What If Aliens are Living Inside Earth?,2022-01-05,565656,12153,1057
261,What If All the World's Ice Melted?,2021-12-31,482712,9896,622
262,What If You Squat for 24 Hours Straight?,2021-12-29,147133,3936,415
263,What If These 5 Things Disappeared for 5 Seconds?,2021-12-26,155512,4788,258
264,What If You Lived in the Matrix?,2021-12-24,125532,5223,452
265,What If a Dark Hydrogen Iceberg Fell to Earth?,2021-12-22,381927,9535,481
266,The Solar System Song | by the What If Channel,2021-12-21,1628741,21275,2464
267,What If We Woke Up Volcanoes to Fight Climate Change?,2021-12-19,121621,4032,418
268,What If Everyone's Memories Were Erased?,2021-12-18,131075,4896,297
269,What If Earth’s Atmosphere Ignited Tomorrow?,2021-12-17,106149,3087,216
270,What If You Experienced the Most Painful Thing?,2021-12-15,186308,5767,573
271,What If the Megalodon Was Hiding in the Mariana Trench?,2021-12-12,1308512,21230,1401
272,Did You Know That Earth Hour Is a Bad Idea? #Shorts,2021-12-11,2816584,198667,2378
273,What If Jupiter's Moons Scattered Across the Solar System?,2021-12-10,151534,3946,217
274,What If the World Lost Oxygen for an Hour?,2021-12-08,179468,5769,405
275,What If the Earth Stopped Spinning for 5 Seconds?,2021-12-05,4529713,60513,3019
276,What Your Day Would Look Like On Every Planet #Shorts,2021-12-04,503710,34874,481
277,What If the U.S. Started World War III?,2021-12-03,274957,7505,1152
278,Top 3 Animals That Can Swallow You Whole #Shorts,2021-12-02,31577,1275,84
279,What If Ticks Were the Size of Humans?,2021-12-01,147241,3418,329
280,What If You Swallowed All Elements of the Periodic Table?,2021-11-30,328013,9975,417
281,What If You Spent a Day on Every Planet in Our Solar System?,2021-11-28,1365097,23778,1322
282,What If Jupiter Swallowed Earth? #Shorts,2021-11-27,1741526,132486,1023
283,What If You Knew What Would Happen in 100 Years?,2021-11-26,296980,11385,863
284,What If We Nuked Mars? #Shorts,2021-11-25,15202915,977898,8034
285,What If We Dumped All Our Trash in the Oceans?,2021-11-24,76625,2690,346
286,Top 3 Worst Places to Swim in,2021-11-21,209408,4538,226
287,What If You Could Trap a Ghost Like a Ghostbuster?,2021-11-19,58264,1773,118
288,What If You Brought Modern Technology to the Middle Ages?,2021-11-17,275643,9263,809
289,What If We Moved to Ceres?,2021-11-14,208237,6841,419
290,What If Earth Had Jupiter's Moons?,2021-11-12,412261,11231,571
291,What If You Drilled a Hole at the Bottom of the Mariana Trench?,2021-11-10,200493,6004,284
292,What If You Woke Up During Heart Surgery?,2021-11-07,276885,8823,591
293,What If We Dumped Our Trash into a Volcano? #Shorts,2021-11-06,274836,17975,213
294,What If You Never Washed Your Hair? (WARNING: distressing content),2021-11-05,1739456,12033,2385
295,What If These Three Animals Swallowed You?,2021-11-03,433969,6027,439
296,What If Your Brain Stopped Working for 5 Seconds?,2021-10-31,303268,10237,692
297,What If a Black Hole Entered Our Solar System? #Shorts,2021-10-30,3887484,204789,3321
298,What If Earth Was the Center of the Solar System?,2021-10-29,364464,10143,647
299,What If You Could Hear Planets?,2021-10-27,443125,12208,707
300,What If You Were Injected With Graphene?,2021-10-24,417573,11000,1875
301,What If You Lit a Match on Jupiter?,2021-10-22,1245955,28292,1250
302,What If Earth Were Sucked Into a Black Hole? #Shorts,2021-10-21,638387,32375,443
303,What If Carbon Disappeared for 5 Seconds?,2021-10-20,236653,8152,542
304,What If All Passengers on the Plane Jumped at Once? #Shorts,2021-10-16,12195178,794456,2833
305,What If You Spent 100 Years on Mars?,2021-10-15,278142,9468,724
306,What If All Continents Joined Back Together? #Shorts,2021-10-14,5828537,76060,1901
307,What If Our DNA Stopped Mutating?,2021-10-13,122236,4622,374
308,What If Earthquakes Lasted a Year?,2021-10-10,126409,4692,448
309,People Who Survived Falling Into Niagara Falls #Shorts,2021-10-09,273980,13907,83
310,What If All Men Disappeared?,2021-10-08,252394,9323,3754
311,Teleporting to Venus's Surface #Shorts,2021-10-07,180030,12380,246
312,What If a Black Hole Is Already in Our Solar System?,2021-10-06,288419,7206,535
313,What If You Got Infected by an Alien Parasite?,2021-10-05,389293,9782,600
314,What If There Were Life After Death?,2021-10-03,931416,21059,3256
315,What If Earth Had 10 Years Left?,2021-10-01,577781,17113,1765
316,What If We Drained Our Oceans? #Shorts,2021-09-30,231641,10723,180
317,What If You Swallowed Liquid Mercury?,2021-09-29,216138,5951,454
318,What If You Didn’t Leave the Bathtub for a Month?,2021-09-28,220064,5067,391
319,What If You Fell Into Lake Kivu?,2021-09-26,168163,4887,352
320,What If You Could Untie Your Belly Button?,2021-09-24,325018,8807,414
321,Could You Live Without Stomach Acid? #Shorts,2021-09-23,207290,10408,100
322,What If We Poured Concrete Into a Volcano?,2021-09-22,274427,7841,592
323,What If We Dug Tunnels Between Continents? #Shorts,2021-09-21,19545964,1016209,14658
324,Top 3 Benefits of Earth Being Shaped Like a Donut #Shorts,2021-09-20,4184224,190291,6034
325,What If Jupiter and Saturn Collided?,2021-09-19,2175274,34693,2112
326,What If We Didn't Have Bones? #Shorts,2021-09-18,240658,10763,122
327,What If You Moved an Entire City?,2021-09-17,89800,3016,325
328,What If You Went Through Puberty in 24 Hours?,2021-09-15,177606,5537,521
329,What If Earth Was Spinning at the Speed of Light?,2021-09-12,2535341,54044,2908
330,What If 9/11 Happened Again?,2021-09-10,441466,13863,1995
331,What If You Drank Snake Venom?,2021-09-08,198595,5433,435
332,What Would It Take to Reheat the Earth's Core? #Shorts,2021-09-05,250891,10718,118
333,What If We Could Reheat the Earth's Core?,2021-09-05,629811,14842,1115
334,What If Humans Walked on All Fours?,2021-09-03,198943,5123,607
335,Top 5 Events That Could End the World,2021-09-01,350709,10291,1300
336,What If Aliens Brought Life to Earth?,2021-08-29,317512,10393,1667
337,What If Earth Had Two Suns? #Shorts,2021-08-29,220698,13716,650
338,What If You Got Swallowed by a Goliath Fish?,2021-08-27,916970,7274,710
339,What If Our Oceans Froze?,2021-08-25,259013,7934,563
340,What If You Were Born on Mars?,2021-08-22,1559851,39275,2335
341,What If We Stopped Animal Testing?,2021-08-20,198653,6792,1132
342,How Would Jupiter Swallow Every Planet? #Shorts,2021-08-19,7864984,318817,4279
343,What If Earth Were Teleported to the Edge of the Universe?,2021-08-18,391618,13885,1191
344,What If Titans Were Real? #Shorts,2021-08-16,210119,11169,252
345,What If a New Continent Formed Tomorrow?,2021-08-15,416849,12342,1094
346,What If You Were Trapped in a Grocery Store for the Rest of Your Life?,2021-08-13,330492,9065,759
347,What If Monkeys Took Over the World?,2021-08-11,136867,4609,799
348,What If Earth Was a Massive Global City?,2021-08-08,268599,9622,872
349,What If There Were an Alien Civilization on Proxima b?,2021-08-06,642545,18528,1397
350,What If You Only Ate Insects for the Rest of Your Life?,2021-08-04,105329,3523,588
351,What If You Shed Your Skin Like a Snake?,2021-08-01,281060,6425,584
352,What If We Built a Highway in Space?,2021-07-30,344116,9667,692
353,What If You Were Bitten by One Million Mosquitoes?,2021-07-28,266888,7531,630
354,What If You Lost Your Teeth Overnight?,2021-07-25,159080,3639,566
355,What If We Moved to Mars? #Shorts,2021-07-24,255677,15474,422
356,What If the Big Bang Wasn't the Beginning of the Universe?,2021-07-23,645659,20976,1897
357,What If You Fell Off the World's Tallest Building?,2021-07-21,496101,11513,810
358,What If Your Tongue Were Twice as Long?,2021-07-18,183273,3642,496
359,What If Earth Was Shaped Like a Cube? #Shorts,2021-07-17,352878,19069,1089
360,What If Jupiter Swallowed Every Planet in the Solar System?,2021-07-16,1735105,35882,2680
361,What If You Mated With Neanderthals?,2021-07-14,362759,10348,1101
362,What If You Woke up 20 Years in the Future?,2021-07-11,223059,8071,957
363,What If You Fell Into a Black Hole? #Shorts,2021-07-10,3621569,216127,2920
364,What If Every Black Hole Suddenly Exploded?,2021-07-09,317533,10341,710
365,What If You Could Hear All the Planets? #Shorts,2021-07-08,3354956,227476,3301
366,What If America Were Split Apart?,2021-07-07,157861,5357,711
367,What If You Could Freeze a Hurricane?,2021-07-04,247344,7785,573
368,What If You Drank From Lake Natron?,2021-07-02,416904,10472,564
369,What If a Hypercane Formed in the Atlantic Ocean Tomorrow?,2021-06-30,315244,10255,748
370,What If We Drilled a Hole Through Mars?,2021-06-27,289734,9451,818
371,What If Earth Froze Overnight?,2021-06-25,298629,9401,853
372,What If You Were the Last Human on Earth? #Shorts,2021-06-24,266675,13923,641
373,What If All the Passengers on a Plane Jumped  at Once?,2021-06-23,327984,9713,867
374,What If You Swallowed Gallium?,2021-06-20,3329291,41670,2173
375,What Would a Megatsunami Look Like? #Shorts,2021-06-19,264571,11557,332
376,What If You Were Sucked Into a Whale's Blowhole?,2021-06-18,154865,4240,489
377,What If Bitcoin Got Banned in the US? #Shorts,2021-06-17,188590,7352,216
378,What If You Ate Nothing But Caviar for a Month?,2021-06-16,232772,6420,528
379,What If You Dumped an Iceberg Into a Volcano?,2021-06-13,639973,17755,1210
380,What If the World Lost Its Oxygen for 5 Seconds? #Shorts,2021-06-12,10328481,521868,5183
381,What If We Replaced the Moon with Jupiter Overnight?,2021-06-11,265215,8410,753
382,What If the Ice Age Never Happened?,2021-06-06,432502,13874,914
383,What Would Different Planets Look Like If They Became Our Moons? #Shorts,2021-06-05,1785633,74052,2438
384,What If a Megalodon Shark Fought the Kraken?,2021-06-04,1394363,26552,2123
385,What If We Never Landed on the Moon?,2021-06-02,201333,7888,1076
386,What If Humans Didn't Have Nails?,2021-05-30,351023,10385,1049
387,What If Earth Went Rogue?,2021-05-28,603710,13196,943
388,What If You Drilled a Hole Through Earth?,2021-05-26,1684812,34001,2105
389,What If the Oceans Lose Oxygen?,2021-05-23,150523,5372,589
390,What If Each Planet Replaced Our Moon?,2021-05-21,3051982,47883,3466
391,What If We Didn't Have Bones?,2021-05-19,3768998,54877,2941
392,What If Walls Could Protect Coastal Cities Against Rising Sea Levels?,2021-05-16,512226,14056,1728
393,What If You Ate an Alien?,2021-05-14,251859,9716,1417
394,What If You Fell Into Antarctica's Largest Subglacial Lake?,2021-05-12,251863,8591,481
395,What If You Had as Much Money as Jeff Bezos?,2021-05-09,379552,12094,2692
396,What If We Traveled One Billion Years Into the Past?,2021-05-07,1129407,25026,1333
397,What If You Ate Your Boogers? #Shorts,2021-05-06,418686,13884,659
398,What If You Swallowed a Hornet?,2021-05-05,423406,8583,701
399,What If Civilization Collapses?,2021-05-02,222238,9249,1699
400,What If a Blazar Entered Our Solar System?,2021-04-30,631144,19635,1421
401,What If Earth Were Sucked Into a Black Hole?,2021-04-28,5358602,68394,4757
402,What If We Raised Dinosaurs for Food?,2021-04-25,274824,10969,1266
403,What If Bed Bugs Were the Size of Humans?,2021-04-23,149524,4630,628
404,What If You Fell Into a Pool of Molten Metal?,2021-04-21,172855,6436,736
405,What If You Were Attacked by Murder Hornets? #Shorts,2021-04-20,420427,12494,380
406,What If it Rained Every Day for a Year?,2021-04-19,713137,17798,1870
407,Top 10 Events That Could End the World #Shorts,2021-04-15,9620549,573300,15138
408,What If Everyone Was Albino?,2021-04-13,325203,10029,1425
409,Join Our YouTube Membership,2021-04-12,46937,2908,411
410,What If We Built a City on Mars?,2021-04-11,549621,15383,1699
411,What If Earth Was Shaped Like a Donut? #Shorts,2021-04-09,15956208,582880,7095
412,What If We Discovered Earth 2.0?,2021-04-09,1314311,33638,2078
413,What If Everyone Started Inbreeding Tomorrow?,2021-04-07,1141923,28525,4543
414,What If You Always Swallow Your Chewing Gum?,2021-04-05,633922,20618,1291
415,What If We Had Nuclear-Powered Rockets?,2021-04-02,311868,10898,1075
416,What If the Sun Exploded Tomorrow? #Shorts,2021-04-01,7858053,231382,10633
417,What If Humans Had No Hair?,2021-03-30,318670,10086,1442
418,What If Titans Were Real? #AttackOnTitan,2021-03-28,3010623,89438,13594
419,Thank You to 5 Million of You,2021-03-27,107369,9795,1837
420,What If You Jumped Into a Pool of Liquid Methane?,2021-03-26,150291,5072,602
421,What If Your Stomach Acid Disappeared?,2021-03-24,4511887,35220,1482
422,What If the Titanoboa Lived Today?,2021-03-22,1109820,27194,1166
423,What If Jupiter Lost Its Atmosphere?,2021-03-19,735290,17991,1253
424,What If COVID-19 Never Disappears?,2021-03-17,374457,14673,2287
425,"What If Earth's Atmosphere Became Super-heated to 1,000 Degrees for 5 Seconds?",2021-03-15,322206,9099,748
426,What If You Cut the Moon in Half?,2021-03-14,418198,10629,1496
427,What If We Could Control Hurricanes?,2021-03-12,142504,4549,582
428,What If the Ring of Fire Erupted Right Now?,2021-03-11,1187940,27198,2634
429,What If Lightsabers Were Real?,2021-03-10,223596,6677,811
430,What If You Wore 100 Layers of Makeup?,2021-03-07,206884,5935,879
431,What If You Were the Last Child Born on Earth?,2021-03-05,288583,9496,989
432,What If You Flew to Space on a Jetpack?,2021-03-03,152933,5353,644
433,What If We Detonated an Antimatter Bomb on Earth?,2021-03-02,415641,13788,1133
434,What If There is Alien Life on Jupiter's Moon Europa?,2021-02-28,275487,9211,965
435,"What If You Had 1,000,000 Bitcoins?",2021-02-27,383010,15191,1701
436,What If There Were No Music?,2021-02-26,170961,7569,1341
437,What If We Discovered Alien Life on Mars?,2021-02-22,1927530,37494,3380
438,What If You Only Ate Red Meat?,2021-02-20,219863,7056,1280
439,What If You Were the Dirtiest Man on Earth?,2021-02-18,267173,5911,979
440,What If Godzilla Were Real?,2021-02-17,1745364,49656,4847
441,What If You Fell Into Neptune?,2021-02-16,2418041,70085,3350
442,What If You Were Swallowed by a Hippo?,2021-02-13,702244,14694,1423
443,What If Telepathy Were Real?,2021-02-11,160522,6112,737
444,What If You Jumped Into a Pool Full of Honey?,2021-02-08,1018217,18437,1656
445,What If You Could Control Déjà Vu?,2021-02-06,231669,9570,1008
446,What If We Painted Earth White?,2021-02-05,535575,17531,1983
447,What If You Touched Absolute Zero?,2021-02-03,430764,13163,1397
448,What If You Held in All Your Farts?,2021-02-01,694527,13518,1306
449,What If You Traveled One Billion Years Into the Future?,2021-01-30,8233719,175511,17125
450,What If Earth Lost Power for 7 Days?,2021-01-28,1008008,25180,2850
451,What If All Life on Earth Lived in the Oceans?,2021-01-25,397295,11373,979
452,What If We Cooled the Earth with Solar Power?,2021-01-23,261764,8914,779
453,What If We Were a Type III Civilization?,2021-01-21,863218,26464,1871
454,What If Poltergeists Were Real?,2021-01-20,393765,12736,1252
455,What If You Traveled to the Hell Planet?,2021-01-18,1049608,29809,2091
456,What If No One Ever Died?,2021-01-16,776641,23710,2603
457,What If We Filled Our Oceans Up With Lava?,2021-01-14,254272,7684,1052
458,What If You Didn't Wash Your Hair for a Year?,2021-01-12,1773767,40976,2581
459,What If Tardigrades Were the Size of Humans?,2021-01-10,436223,12923,1161
460,Discussed: What If You Explored the Deepest Points of Earth? - George Kourounis,2021-01-09,95537,2873,195
461,What If We Settled on an Exoplanet?,2021-01-07,288174,11303,1043
462,What If a Magnitude 20 Earthquake Hits?,2021-01-05,1849536,48416,2839
463,What If You Ate Nothing But Sugar for a Month?,2021-01-03,494047,13059,1361
464,Discussed: What If You Ate Sugar for a Month? - with Gary Taubes,2021-01-02,55812,1732,287
465,What If a Supernova Exploded Close to Earth?,2020-12-31,1283746,29957,2612
466,"What If There Were Only 1,000 People Left on Earth?",2020-12-29,409606,14411,1665
467,What If You Explored the Deepest Points on Earth?,2020-12-28,1067037,24855,1105
468,Discussed: What If We Settled on an Exoplanet? - with Didier Queloz,2020-12-26,72534,2636,249
469,What If the Sun Swallowed Earth?,2020-12-24,925591,18777,1872
470,What If the Loch Ness Monster Is Real?,2020-12-22,328582,10088,1188
471,What If the Earth Was Actually Flat? (Extended),2020-12-21,3219927,64127,17032
472,What Is the What If 100 Book About?,2020-12-20,54344,2589,453
473,What If You Rode a Balloon to Space?,2020-12-19,153903,5045,639
474,What If North America Suddenly Sank Into the Oceans?,2020-12-18,414848,9138,1064
475,What If a Tornado Hit an Active Volcano?,2020-12-16,1718046,39653,3153
476,What If We Refueled the Sun With Jupiter?,2020-12-14,1517605,28398,2464
477,What If There Were Giant Sandworms on Earth?,2020-12-12,393613,8810,754
478,What If You Fell From the International Space Station?,2020-12-10,219044,7609,721
479,What If You Spent 24 Hours Lost at Sea?,2020-12-08,792385,18414,1055
480,What If Your Skin Were Bullet-Proof?,2020-12-05,1728462,45374,3482
481,What If You Built a Pipe to the Bottom of the Mariana Trench?,2020-12-03,259826,8846,719
482,What If a Black Neutron Star Entered the Solar System?,2020-12-01,827653,25049,1747
483,What If You Lived In a Closed Biosphere?,2020-11-29,298831,9268,656
484,Discussed: What If You Lived In a Closed Biosphere? - Jane Poynter,2020-11-28,56654,2099,197
485,What If Uranus Collided With Earth?,2020-11-26,9330193,163414,24015
486,What If a Turkey Hit Earth at the Speed of Light?,2020-11-24,319000,10789,1877
487,What If We Could See Through a Black Hole?,2020-11-22,362330,13024,825
488,Discussed: What If You Could See Through a Black Hole? - Pr. Clifford Johnson,2020-11-21,88267,3340,262
489,What If a COVID Vaccine Were Available Tomorrow?,2020-11-19,204288,7448,1156
490,What If You Were Attacked by a Megalodon?,2020-11-17,392540,9527,773
491,"What Happens If You Drink 1,000 Red Bulls in a Month?",2020-11-15,481663,14393,1019
492,Discussed: What If You Were Addicted to Energy Drinks? - Danielle Robertson Rath,2020-11-14,61407,1971,311
493,What If a Volcanic Apocalypse Happened Tomorrow?,2020-11-12,209398,7799,904
494,What If You Ate a Brick of Dry Ice?,2020-11-10,2727829,45078,2542
495,What if 'Among Us' Happened in Real Life?,2020-11-08,564979,19360,1807
496,Discussed: What If 'Among Us' Was Real Life? - Liana Ruppert | Episode 20,2020-11-07,90950,2917,386
497,What If You Lived in Ancient Rome?,2020-11-06,963971,20897,1432
498,What If Columbus Never Discovered America?,2020-11-04,421103,15504,2751
499,What If Trump Didn't Quit After Losing?,2020-11-02,796958,33015,4961
500,What If the Solar System Orbited a Black Hole?,2020-11-01,803560,19486,1327
501,Discussed: What If Our Solar System Orbited a Black Hole? - with Pr. Johnson | Episode 19,2020-10-31,86835,2839,266
502,What If Bats Were the Size of Humans?,2020-10-30,132635,4572,893
503,What If You Fell Into a Pool of Aerogel?,2020-10-28,505175,15306,807
504,What If You Stopped Brushing Your Teeth?,2020-10-27,1282020,26465,3000
505,What If the Arctic Turned Into a Megaslump?,2020-10-25,141905,4763,599
506,Discussed: What If We Were on Lockdown for the Entire Winter? - with Dr. Rosenthal | Episode 18,2020-10-24,62437,2302,450
507,What If You Were Attacked by a Giant Squid?,2020-10-22,1192806,15024,1118
508,What If the Moon Exploded?,2020-10-20,2346374,43968,3281
509,What Happens If the Mega-Earthquake Hits California Tomorrow?,2020-10-18,618562,13295,1861
510,Discussed: What If Matter Was Replaced by Antimatter? - with Liz Landau | Episode 17,2020-10-17,63255,2010,225
511,What If Terror Crocs Were Still Alive?,2020-10-15,532725,12741,928
512,What If the World Is Only Your Illusion?,2020-10-13,275261,10748,1361
513,What If Octopuses Are Aliens from Outer Space?,2020-10-11,344993,12036,1272
514,Discussed: What If an Octopus Was Your Teacher? - with Pippa Ehrlich | Episode 16,2020-10-10,62351,1744,387
515,What If Europa Were Earth's Moon?,2020-10-08,1174621,32561,2157
516,What If We Built the World's Deepest Bunker?,2020-10-06,298064,8846,714
517,Discussed: What If Jupiter Never Existed? - with Steve Levin | Episode 15,2020-10-04,73229,2078,273
518,What If the U.S. President Dies Before the Election?,2020-10-03,919999,34076,6106
519,What If You Were Shot Out of a Liquid Nitrogen Cannon?,2020-10-02,69522,2258,254
520,What If We Powered the Planet With Seawater?,2020-10-01,228320,8374,701
521,What If We Built a Road Around the World?,2020-09-29,799619,19725,1853
522,What If We've Already Made First Contact With Aliens?,2020-09-27,469178,15869,1674
523,Discussed: What If We've Already Made First Contact with Aliens? - with Andrew Siemion | Episode 14,2020-09-26,79434,2375,422
524,What If We Became Cyborgs?,2020-09-24,297996,10853,1499
525,What If Russia Won the Space Race?,2020-09-22,212328,8577,1527
526,What If There Is Life on Venus?,2020-09-20,322889,11493,1104
527,Discussed: What If There Is Life on Venus? - with Sara Seager | Episode 13,2020-09-19,65186,2918,424
528,What If You Were Swallowed by a Crocodile?,2020-09-17,965837,15537,1252
529,What If Titanosaurs Never Went Extinct?,2020-09-15,721009,14070,1075
530,What If We Nuked an Asteroid?,2020-09-13,515791,17944,1484
531,Discussed: What If We Blew Up an Asteroid? - with Bill Nye | Episode 12,2020-09-12,58534,2032,276
532,What If We Sunk Our Trash in the Mariana Trench?,2020-09-10,1529052,17283,2485
533,What If You Got Caught in a Giant Spider Web?,2020-09-08,1052428,10298,868
534,What If the Universe Is Bouncing?,2020-09-06,201608,7208,1037
535,Discussed: What If the Universe Is Bouncing? - with Anna Ijjas | Episode 11,2020-09-05,51554,1930,269
536,What If You Only Drank Coca-Cola?,2020-09-04,2902114,60154,5798
537,What If Covid-19 Was Made in a Lab?,2020-09-03,471579,16533,2824
538,What If We Could Build a Tipler Cylinder?,2020-09-01,430472,12660,975
539,What If We Became a Type II Civilization?,2020-08-30,765218,26231,1962
540,Discussed: What If We Became a Type II Civilization? - with Michio Kaku | Episode 10,2020-08-29,479882,13611,1435
541,What If T-Rex Were Still Alive?,2020-08-28,1132081,26650,3519
542,What If You Fell Into a Pool of Hagfish?,2020-08-26,876134,18851,1188
543,What Happens If You Only Eat Raw Meat?,2020-08-25,739509,20997,2373
544,What If You Got Stuck in a Time Loop?,2020-08-23,340482,13383,1542
545,Discussed: What If You Got Stuck in a Time Loop? - with Danny Rubin | Episode 9,2020-08-22,51060,1844,339
546,What If We Covered Our Roads with Solar Panels?,2020-08-21,274556,8709,984
547,What If We Settled on Titan?,2020-08-19,950797,28949,2399
548,What If the Military Deployed a Million Nano Drones?,2020-08-16,111863,4021,510
549,Discussed: What If We Had to Evacuate Earth? - with Bill Nye | Episode 8,2020-08-15,163698,6157,628
550,What If You Fell Into a Pool of Jellyfish?,2020-08-14,232825,6515,687
551,What If a Black Hole Opened at CERN?,2020-08-12,855812,20602,2838
552,What If a Giant Sea Scorpion Fought a Killer Whale?,2020-08-11,218464,6052,514
553,What If We Could Look Inside Our Bodies?,2020-08-10,1581451,31294,1574
554,What If We Lived on a Super Earth?,2020-08-09,763891,19242,1538
555,Discussed: What If We Lived on a Super Earth? - with Jack Madden | Episode 7,2020-08-08,98322,3480,467
556,What If Your Teacher Were AI?,2020-08-07,163732,5894,887
557,What If You Rode Your Bike at the Speed of Light?,2020-08-05,243916,9312,1112
558,What If We Built a Stanford Torus?,2020-08-04,434506,12546,1068
559,What If Giant Sloths Didn't Go Extinct?,2020-08-02,487576,13173,1167
560,Discussed: What If Your Teacher Were AI? - with Joanna Bryson | Episode 6,2020-08-01,43039,1685,291
561,What If a Quasi-Star Entered Our Solar System?,2020-07-31,1414784,30596,2990
562,What If Everyone Farted at the Same Time?,2020-07-30,759708,22529,3575
563,What If We Built a Tower to Outer Space?,2020-07-28,407541,11574,1239
564,What If a Spider Crawled Into Your Body While You‘re Sleeping?,2020-07-27,2283689,25604,2242
565,What If Aliens Are Future Versions of Humans?,2020-07-26,962700,24957,2559
566,Discussed: What If Aliens Are Future Humans? - with Mike Masters | Episode 5,2020-07-25,292441,8657,1566
567,What If a Black Hole Ate the Sun?,2020-07-24,977435,22128,1828
568,What If You Owned a Time Machine?,2020-07-22,305548,10728,1745
569,What If the Giganotosaurus Battled the Troodon?,2020-07-21,245152,6771,1031
570,What If a New Planet Formed in the Solar System?,2020-07-19,699709,15680,1178
571,What If You Lived in Ancient Egypt?,2020-07-18,2052896,55697,3701
572,Discussed: What If You Lived in Ancient Egypt? - with Salima Ikram | Episode 4,2020-07-18,68851,2333,303
573,What If We Caught an Interstellar Visitor?,2020-07-16,246839,8952,730
574,What If We Killed All Spiders?,2020-07-14,550701,14010,2179
575,What If Seeds Could Grow in Your Stomach?,2020-07-12,2550031,25190,2319
576,What If the Sun Dimmed Down?,2020-07-11,453562,13631,1136
577,Discussed: What If the Sun Dimmed Down? - with Emily Calandrelli | Episode 3,2020-07-11,64462,2165,266
578,What If Your Dreams Could Be Hacked?,2020-07-09,215141,7938,1330
579,What If a White Hole and Black Hole Collided?,2020-07-08,2733982,65569,7692
580,What If You Jumped Into Lake Natron?,2020-07-07,12379864,225082,7136
581,"What If Everyone Froze for 1,000 Years?",2020-07-05,2080279,49118,4160
582,What If We Built an O'Neill Cylinder?,2020-07-04,694340,16963,1793
583,Discussed: What If We Lived in Space? - with Ronke Olabisi | Episode 2,2020-07-04,83625,2756,389
584,What If You Caught the Swine Flu?,2020-07-03,158271,6222,1308
585,What If a Massive Locust Swarm Attacked Your City?,2020-07-01,245704,7765,1805
586,What If Everyone Stopped Cutting Their Hair?,2020-06-30,254660,7812,877
587,What If Oceans Were Liquid Mercury?,2020-06-28,538833,11850,1068
588,What If Your Brain Were Twice the Size?,2020-06-27,227611,7365,875
589,Discussed: What If Your Brain Were Twice its Size? - with Michio Kaku | Episode 1,2020-06-27,75025,3220,329
590,What If Every Satellite Fell to Earth?,2020-06-25,239148,7591,836
591,What If Jupiter Swallowed Earth?,2020-06-24,5907705,89646,10626
592,What If Bigfoot Actually Exists?,2020-06-23,276794,8195,1116
593,What If We Built Cities on the Moon?,2020-06-22,271110,9266,1030
594,What If There Were a Permanent Solar Eclipse?,2020-06-20,673986,13828,1526
595,What If the Megalodon Shark Fought the Mosasaurus?,2020-06-18,2576766,39101,2772
596,What If Earth's Core Exploded?,2020-06-17,295229,7170,634
597,What If the Universe Isn't Uniform?,2020-06-16,208243,6766,585
598,What If You Fell Into a Pool of Stingrays?,2020-06-14,179289,4921,456
599,What If We Harnessed Zero-Point Energy?,2020-06-13,581145,16777,1688
600,What If the Universe Isn't Flat But a Giant Loop?,2020-06-11,253857,8874,910
601,What If Every Home Had a 3D Printer?,2020-06-10,160054,5691,889
602,What If Halley's Comet Crashed Into the Moon?,2020-06-09,484498,11427,1123
603,What If You Could Shapeshift?,2020-06-07,555843,14026,1685
604,What If We Found Alien Life on Enceladus?,2020-06-06,188107,7038,781
605,What If You Slept Upside Down?,2020-06-05,214641,6804,982
606,What If Spinosaurs Were Still Swimming Today?,2020-06-04,1084657,23481,2151
607,What If You Were Attacked by a Swarm of Cicadas?,2020-06-03,296094,6403,929
608,What If Planet Nine Exists?,2020-06-01,362326,12088,1490
609,What If We Powered the Planet With Lightning?,2020-05-31,251033,8350,1124
610,What If Two Hurricanes Collided?,2020-05-29,863855,17172,2323
611,What If It Rained Diamonds?,2020-05-28,449002,11705,1425
612,What If You Were Bitten by One Million Ticks?,2020-05-27,3580399,33114,3020
613,What If There Were No Wind?,2020-05-26,212007,7058,1217
614,What If You Met Your Cosmic Twin?,2020-05-25,470515,16803,1916
615,What If We Flooded the Death Valley?,2020-05-24,326954,8747,1322
616,What If There Were an Underground City Below Denver Airport?,2020-05-23,247918,7719,788
617,What If You Could Walk Through Walls?,2020-05-22,279925,8003,1039
618,What If It Takes Two Years for a COVID-19 Vaccine?,2020-05-21,1456766,38753,4554
619,What If You Were Infected by the Cordyceps Fungus?,2020-05-20,1794557,50163,5912
620,What If We Could Build a Mega-Computer in Space?,2020-05-19,284432,10828,1027
621,What If the Big Rip Happened Tomorrow?,2020-05-18,542917,16741,2444
622,What If We Could Hear the Sun?,2020-05-17,294035,9538,878
623,What If Mammoths Never Went Extinct?,2020-05-16,410520,10149,1324
624,What If You Only Lived for 24 Hours?,2020-05-15,1688087,41191,2798
625,What If You Drained the World's Largest Atoll?,2020-05-14,223374,6034,701
626,What If You Jumped Into a Geyser?,2020-05-13,206064,5352,635
627,What If We Dug a Hole Through the Moon?,2020-05-12,593376,12435,1375
628,What If We Become a Type 1 Civilization?,2020-05-11,1929547,53763,5126
629,What If You Lived in the Devonian Period?,2020-05-10,5566142,112294,5059
630,What If a Massive Gravitational Wave Hit Earth?,2020-05-09,443964,13632,2182
631,What If You Were Attacked by Murder Hornets?,2020-05-08,743929,15236,1821
632,What If Giant Mushrooms Grew on Earth?,2020-05-07,152605,5109,1114
633,What If You Hacked All the World's Satellites?,2020-05-06,229579,8268,948
634,What Happens If You Were Hospitalized With COVID-19?,2020-05-05,1655666,24893,2315
635,What If We Built a Massive Sun Shield in Space?,2020-05-04,209207,9179,893
636,What If We Never Aged?,2020-05-03,614689,15905,1890
637,What If You Did a Bungee Jump with Magnets?,2020-05-02,148484,5119,548
638,What If All Nuclear Reactors Exploded at Once?,2020-05-01,354977,11887,1191
639,What If the Coronavirus Mutated?,2020-04-30,604727,17053,2304
640,What If You Jumped Into Saturn's Rings?,2020-04-29,522108,12834,2208
641,What If Mount Everest Were an Active Volcano?,2020-04-28,448336,12900,2399
642,What If Everyone Ate Beans Instead of Beef?,2020-04-27,226687,8083,1849
643,What If Antarctica Were a Rainforest?,2020-04-26,479915,14735,1191
644,What If You Got Sucked Into a Tornado?,2020-04-25,2916799,32095,3045
645,What If All Oceans Turned Into Acid?,2020-04-24,1345042,25584,2444
646,What If Ancient Life Escaped Earth?,2020-04-23,825176,21205,1371
647,What If All Bats Disappeared?,2020-04-22,256843,8430,2199
648,What If Lightning Storms Never Stopped?,2020-04-21,263824,8056,883
649,What If You Jumped Into a Pool of Hand Sanitizer?,2020-04-20,1875679,35511,3844
650,What If We Could Kill the Coronavirus with UVC Lights?,2020-04-19,290522,8164,785
651,What If Mosasaurus Were Still Alive?,2020-04-18,6023272,86304,4907
652,What If Earth Was Shaped Like an American Football?,2020-04-17,266395,6443,974
653,What If We Lost Gravity for 5 Seconds?,2020-04-16,2064043,43798,3330
654,What If Social-Distancing Became Law?,2020-04-15,290467,8735,1246
655,What If You Fell Into a Pool of Electric Eels?,2020-04-14,454301,11416,1138
656,What If Everyone Wore Medical Face Masks?,2020-04-13,422938,10945,1481
657,What If We Nuked an Active Volcano?,2020-04-12,617880,15622,1856
658,What If We Moved the Solar System?,2020-04-11,455955,9467,1173
659,What If We Tried to Contact Alien Civilizations?,2020-04-10,426283,11636,1219
660,What If You Never Coughed?,2020-04-09,221522,5000,682
661,What If Earth Released All Its Methane?,2020-04-08,232915,6480,717
662,What If You Fell from an Airplane Into Fresh Snow?,2020-04-07,448417,7898,656
663,What If You Went to the Toilet Only Once a Year?,2020-04-05,875486,17646,1733
664,What If the Great Attractor Swallowed Our Galaxy?,2020-04-04,741106,16852,1360
665,What If All Supermarkets Closed?,2020-04-03,178718,5120,649
666,What If We Stopped Shaking Hands?,2020-04-02,164818,5257,1076
667,What If a Volcano Erupted Into Space?,2020-04-01,1058209,17699,1283
668,What If Mosquitoes Were the Size of Humans?,2020-03-31,1093145,24354,3347
669,What If We Relocated Humanity to Proxima B?,2020-03-29,2169538,48430,4677
670,What Happens If You Get Covid-19?,2020-03-28,25325346,355921,19292
671,What If You Didn't Wash Your Hands for a Year?,2020-03-27,561457,13322,1565
672,What If We Discovered Alien AI?,2020-03-26,440559,13848,1325
673,What If We Ran Out of Toilet Paper?,2020-03-24,224271,6932,3084
674,What If the U.S Were Under Lockdown?,2020-03-24,5528,524,234
675,What If You Ate the Spiciest Pepper in the World?,2020-03-22,956534,18925,1899
676,What If You Were the Last Human and Trapped in Space?,2020-03-21,752964,20189,1788
677,What If the Yellowstone Volcano Erupted Tomorrow?,2020-03-19,4149688,75859,9552
678,What If You Controlled the Internet?,2020-03-17,176932,6710,1140
679,What If We Drained the Mediterranean?,2020-03-16,1440010,17791,1357
680,Discussed: What If We Lived in a Galactic Zoo?,2020-03-15,1042619,16540,1635
681,What If We Could Build an Alderson Disk?,2020-03-14,1400584,27806,3028
682,What If We Could Build Bridges Between Continents?,2020-03-13,759520,16986,1674
683,What If You Fell Into a Piranha Pool?,2020-03-12,6151663,111486,5372
684,What If We Discover Life After Death?,2020-03-10,1587113,42757,6765
685,What If There Was Only One Woman on Earth?,2020-03-08,2046469,68093,9351
686,What If the Universe Ended Tomorrow?,2020-03-05,517890,14774,1581
687,What If Antarctica’s Dormant Volcanoes Woke Up?,2020-03-03,1930891,36290,2334
688,What If You Could Shrink to the Size of an Atom?,2020-03-01,700421,19528,1556
689,What If China Created an Artificial Moon?,2020-02-28,426851,10674,1525
690,What If Earth Orbited UY Scuti?,2020-02-26,3218847,65479,5616
691,What If You Fell Into Niagara Falls?,2020-02-24,6356545,77422,3206
692,What If Algae Took Over the Oceans?,2020-02-22,654639,12183,1123
693,What If We Built Vertical Farms?,2020-02-20,394254,13429,1664
694,What If We Knew the Time the Earth Will Die?,2020-02-18,1177194,24528,2318
695,What If You Dropped a Steak From Orbit?,2020-02-16,893914,17617,1882
696,What If We Burn All the Oil?,2020-02-14,295057,9554,1035
697,What If Our Universe Collided With Another One?,2020-02-12,2523068,58241,5381
698,What If You Were Trapped in a Meat-Eating Plant?,2020-02-10,2759393,31286,1280
699,What If a Magnetar Collided With a Black Hole?,2020-02-09,1996569,38397,2419
700,What If Discussed. The Podcast | Trailer,2020-02-08,78334,3985,510
701,What Happens If You Put Your Head Into a Particle Accelerator?,2020-02-06,239248,7231,664
702,What If Betelgeuse Exploded Right Now?,2020-02-04,1941514,47874,4744
703,What If We Had a Worldwide Pandemic?,2020-02-02,1008795,28393,5271
704,What If the Kraken Was Real?,2020-01-30,4709178,83235,6834
705,What If We Became Enslaved by Aliens?,2020-01-28,652894,17357,2285
706,What If the Earth’s Crust Suddenly Opened Up?,2020-01-27,364421,9394,920
707,What If the Moon Never Formed?,2020-01-25,583062,14635,1212
708,What If | Channel Trailer | An Epic Exploration Of Possibilities,2020-01-24,868821,16302,1663
709,What If We Set Aside Half the Planet for Wildlife?,2020-01-23,2340042,62813,5604
710,What If Two Black Holes Collided?,2020-01-21,2173792,44760,3107
711,What If a Flash Wiped Out Everyone's Memories?,2020-01-19,434607,13518,1692
712,What If Jupiter Never Existed?,2020-01-17,501251,13266,1337
713,What If Earth Was As Big As the Sun?,2020-01-15,6277690,136175,9804
714,What If We Could Create Anti-Gravity?,2020-01-13,318021,9279,1001
715,What If You Die?,2020-01-11,2640286,77373,7483
716,What If the Pterodactyl Was Still Alive?,2020-01-09,671102,13303,1243
717,What If World War III Happened Tomorrow?,2020-01-08,5553434,126373,15337
718,What If We Could Grow Babies in Artificial Wombs?,2020-01-07,184889,6212,1163
719,What If We Generated Electricity With Our Bodies?,2020-01-05,183825,5947,714
720,What If You Lived on an Asteroid?,2020-01-03,349579,9988,1042
721,What If Everyone Stopped Drinking Coffee?,2020-01-01,275003,9086,1667
722,What If Our Bodies Kept Evolving?,2019-12-31,2590244,57294,5337
723,What If You Knew the Date and Time You Will Die?,2019-12-30,781957,29533,3747
724,What If You Traveled to a Black Hole?,2019-12-28,1087843,26589,2201
725,Face Reveal,2019-12-26,966466,90339,7732
726,What If a Quasar Entered Our Solar System?,2019-12-25,1316511,30830,2358
727,What Happens If You Vape for 24 Hours Straight?,2019-12-23,386249,12349,1581
728,What If You Were Swallowed by an Anaconda?,2019-12-21,5471634,71789,4419
729,What If You Had to Be Santa Claus?,2019-12-20,208717,7921,1560
730,What Happens If You Don’t Leave the Bathtub for a Week?,2019-12-18,3075218,35023,2410
731,What If We Built a Canal Between U.S. and Mexico?,2019-12-16,226694,4610,723
732,What If the Sun Exploded Tomorrow?,2019-12-14,9647237,163708,15670
733,What If You Had to Find Baby Yoda?,2019-12-13,154419,5404,624
734,What If You Fell Into the Deepest Hole on Earth?,2019-12-12,2744266,49767,2584
735,What If Wifi Was Visible?,2019-12-10,314287,11590,1299
736,What If We Turned Plastic Into Fuel?,2019-12-08,320603,9930,995
737,What If Earth Was Shaped Like a Donut?,2019-12-06,3186913,56820,5946
738,What If We Created No Waste?,2019-12-04,539410,14421,1183
739,What If You Never Left Your Bed?,2019-12-02,672960,18566,1521
740,What If You Were Made of Dark Matter?,2019-11-30,973004,26932,2059
741,What If You Held in All Your Sneezes?,2019-11-28,731539,19374,1883
742,What If All Cars Were Indestructible?,2019-11-27,372155,9566,1032
743,What If Spiders Were the Size of Humans?,2019-11-26,3103882,47718,6704
744,You Asked For It,2019-11-25,198738,17125,1996
745,What If Ice Was Hot Instead of Cold?,2019-11-24,959673,17852,1348
746,What Happens If You Never Take Your Contacts Out?,2019-11-22,297449,8079,994
747,What If We No Longer Needed Sleep?,2019-11-20,383451,11669,1173
748,What If Earth Was the Only Planet in the Solar System?,2019-11-18,3218499,64825,5647
749,What If Megalodon Sharks Never Went Extinct?,2019-11-16,10062404,130025,9761
750,What If Your Memories Were Fake?,2019-11-15,208967,6246,743
751,What If We Could Harness the Energy of a Black Hole?,2019-11-14,495829,13021,1053
752,What If We Dumped Our Trash in the Bermuda Triangle?,2019-11-12,1395839,25481,1852
753,What If the Atmosphere Was 10% Sulfur Hexafluoride?,2019-11-10,156037,4408,474
754,What If You Jumped Into a Pool Filled With Human Saliva?,2019-11-08,635197,14761,2348
755,What If You Could Build the Death Star?,2019-11-06,1557972,32386,3384
756,What If We Created Hybrid Human-Animals?,2019-11-02,658857,14639,2938
757,What If Ghosts Were Real?,2019-10-31,751434,24174,4356
758,What If Everyone Planted a Tree on Their Birthday?,2019-10-29,1247071,67239,4539
759,What If Another Sun Entered Our Solar System?,2019-10-27,1934119,38051,3132
760,What If There Was No Friction for 1 Minute?,2019-10-25,979578,25768,2201
761,What If We Killed All Mosquitoes?,2019-10-23,5248972,117531,11258
762,What If Alien Life Was Silicon-Based?,2019-10-21,1185285,36255,2830
763,What If It Rained Acid?,2019-10-17,243562,7204,807
764,What If the Earth Was One Living Organism?,2019-10-15,826689,21419,2723
765,What If the Universe Was Just an Illusion?,2019-10-13,301818,8357,961
766,What If We Knew the Time We Go Extinct?,2019-10-11,3035879,72297,9608
767,What If We Find a Cure for Cancer?,2019-10-09,337500,12186,2108
768,What If Thomas Edison Wasn't Born?,2019-10-08,296317,10264,1981
769,What If All Trees Were Cut Down?,2019-10-07,1163019,22408,3036
770,What If You Didn’t Feel Pain?,2019-10-06,667456,19564,1672
771,What If Our Sun Became a Neutron Star?,2019-10-05,669789,16746,1428
772,What If You Lived During the Middle Ages?,2019-10-04,2613376,58789,5001
773,What If a Black Hole Deleted the Universe?,2019-10-03,507472,14183,1753
774,What If Telekinesis Was Real?,2019-10-02,809120,21816,2642
775,What If We Dug Tunnels Between Continents?,2019-10-01,628821,15099,1085
776,What Happens If You Jumped Into a Pool Full of Stomach Acid?,2019-09-30,3317969,60979,3770
777,What If We Were Born Without Empathy?,2019-09-29,241097,7984,1150
778,What If You Could Upload Your Brain?,2019-09-28,308608,9880,1123
779,What If All Stars Exploded at the Same Time?,2019-09-27,727609,18767,1903
780,What If You Were The Only Man on Earth?,2019-09-26,2200104,65498,8185
781,What If We Poured a Pool of Liquid Nitrogen Into a Volcano?,2019-09-25,1143170,19589,1410
782,What If We Could Refreeze the Arctic?,2019-09-23,810200,23405,2558
783,What If You Could Melt Metal With Your Hands?,2019-09-21,313936,7037,967
784,What If You Met a Time Traveler?,2019-09-19,5569568,132369,12478
785,What If All Houses Were Covered With Solar Panels?,2019-09-17,402209,11646,1307
786,What If We Created a Superintelligence?,2019-09-15,792245,23308,2831
787,What If You Skydived Into a Tornado?,2019-09-13,450815,8813,1077
788,What If We Had Working Quantum Computers Today?,2019-09-11,839828,20600,1623
789,What If Pangea Never Broke Apart?,2019-09-09,4297646,89047,6816
790,What If We Could Open a Portal to a Parallel Universe?,2019-09-07,2531811,61273,7517
791,What If Earth Started Spinning Backwards?,2019-09-05,3784210,68685,7251
792,What If You Could Ski On Mars?,2019-09-03,150892,4208,599
793,What If We Settled on the Moon?,2019-09-01,1116404,22603,2153
794,What If You Were Swallowed by a Whale?,2019-08-30,15687605,234400,15092
795,What If We Nuked a Hurricane?,2019-08-28,2565496,40329,4987
796,What If We Lost The Amazon Rainforest?,2019-08-26,1372412,50325,6321
797,What If We Extinguished the Sun?,2019-08-25,984676,17749,1703
798,What If We Nuked Mars?,2019-08-23,2868705,49665,6305
799,What If We Built Cloud Cities on Venus?,2019-08-21,809353,16380,2036
800,What If You Tried to Surf a Tsunami?,2019-08-19,6248933,76441,4726
801,What If There Was No Salt in the World?,2019-08-17,702550,18170,1804
802,What Happens If You Fall out of an Airplane?,2019-08-15,2397268,32492,2344
803,What If We Lived in a Globular Cluster?,2019-08-13,528837,13088,1183
804,What If We Sent Our Trash Into the Sun?,2019-08-11,1700453,32618,3571
805,What Happens If You Fall Into a Pool Filled Snake Venom?,2019-08-09,1268421,23954,1471
806,What If You Were the Last Human on Earth? (Recut),2019-08-08,508475,14315,1565
807,What If a Spoonful of Neutron Star Appeared on Earth?,2019-08-07,2255293,46991,3144
808,What If We Had Flying Cars?,2019-08-05,356279,9998,1133
809,What If Aliens Are Watching Us?,2019-08-03,957362,21014,2503
810,What Happens If You Fall Into a Pool Full of Sharks?,2019-08-01,1107252,22290,1935
811,What Happens If You Eat Mold?,2019-07-30,3983919,77159,7905
812,What If a Gamma-Ray Burst Hits the Earth?,2019-07-28,1205917,25187,2284
813,What Happens If You Don't Shower for a Month?,2019-07-26,4355401,85618,10536
814,What Happens If You Fall Into Quicksand?,2019-07-24,7819286,67272,3532
815,What If We Moved Earth?,2019-07-22,1478278,23053,2682
816,What If Every Dead Person Was Still Alive?,2019-07-20,1013556,24579,3137
817,What Happens If One Million People Actually Stormed Area 51?,2019-07-18,9388625,213281,30673
818,What Happens If You Fall Into a Pool of Liquid Nitrogen?,2019-07-17,1874900,21898,1281
819,What If You Were the First Person on Mars?,2019-07-15,564514,12220,1178
820,What If Earth Was Near the Center of the Milky Way?,2019-07-13,2178080,44335,2707
821,What If We Planted a Trillion Trees?,2019-07-11,2123453,62490,4636
822,What if Earth Had Rings Like Saturn?,2019-07-09,4639939,79328,5389
823,What If You Had X-Ray Vision?,2019-07-07,326309,8403,693
824,What If Earth Had a Large Elliptical Orbit?,2019-07-05,460867,9370,662
825,What If the Speed of Light and Sound Were Switched?,2019-07-03,1042918,29914,1982
826,What If the Neanderthals Had Not Gone Extinct?,2019-07-01,1450929,29808,4392
827,What If Earth’s Atmosphere Was Pure Oxygen?,2019-06-29,717638,16474,1335
828,What If We Had Thermal Vision?,2019-06-27,470097,8538,753
829,What If the Earth Collided With Another Planet?,2019-06-25,3341911,52238,4269
830,What If Humans Were 5 Meters (16ft) Tall?,2019-06-23,952401,17288,1707
831,What If a Magnetar Entered Our Solar System?,2019-06-21,2308129,43278,4415
832,What Happens If Everyone Falls Asleep at the Same Time?,2019-06-19,652159,16315,1452
833,What If You Could Make Yourself Invisible?,2019-06-17,1323748,20730,1704
834,What If We Lived In Cities Under Water?,2019-06-15,590115,14484,999
835,What If the Earth Was Cut in Half?,2019-06-13,1655286,29107,2649
836,What If Orgasms Didn’t Exist?,2019-06-11,958774,24780,2729
837,What If Oxygen Doubled in Earth’s Atmosphere?,2019-06-09,2761580,58615,3928
838,What If We Could Control the Climate?,2019-06-07,204817,5817,736
839,What If the World Was A Single Country?,2019-06-05,1378311,35140,6354
840,What If We Trashed Earth's Orbit With Space Junk?,2019-06-03,195185,5024,658
841,What Happens If You Fall Into a Volcano?,2019-06-01,1185276,20222,2187
842,What If You Could Stop Time?,2019-05-30,2016958,43733,5972
843,What If We Terraformed the Sahara Desert?,2019-05-28,2987197,55472,4975
844,What If Extinct Animals Could Be Brought Back to Life?,2019-05-26,1737764,35020,2413
845,What If Earth Was Inside of a Nebula?,2019-05-24,1012841,24817,1545
846,What If Everyone on Earth Lived in One City?,2019-05-22,302823,8120,1155
847,What If You Fell Into a Spent Nuclear Fuel Pool?,2019-05-20,4104568,65456,5370
848,What If the Earth Was Hollow?,2019-05-18,529639,10807,1192
849,What If We Used the Full Capacity of Our Brains?,2019-05-16,5206115,137816,8184
850,What If You Had the Strength of a Superhero?,2019-05-14,680068,17057,1525
851,What If Aliens Arrived Tomorrow?,2019-05-12,3439766,67547,9748
852,What If We Built A Ringworld In Space?,2019-05-10,1330267,25741,3459
853,What If A Mega-Tsunami Hit The United States?,2019-05-08,6256304,77525,8527
854,What If the Universe Was White Instead of Black?,2019-05-06,1296242,37044,4655
855,What If Earth’s Gravity Was Stronger?,2019-05-04,843804,18567,1547
856,What If We Had Working Warp Drive Technology?,2019-05-02,2025519,42389,4132
857,What If Everyone Had a Free Basic Income?,2019-04-30,326972,9449,1297
858,What Happens If You Wake up During Surgery?,2019-04-28,2380436,56534,4041
859,What If the Gulf Stream Current Stopped?,2019-04-26,303373,6002,679
860,What If Half the Population of Earth Was Wiped Out? (Avengers: Endgame in Real Life),2019-04-24,2525035,63924,8412
861,What If Companies Had to Pay to Pollute our Earth?,2019-04-22,184889,6339,674
862,What If There Was Another Earth in Our Solar System?,2019-04-20,2527745,49944,4276
863,What If a Massive Solar Storm Hit the Earth?,2019-04-18,1038330,19376,2085
864,What If We Dumped Our Trash into Volcanoes?,2019-04-16,15997983,261007,18712
865,What If There Were No Limits to Organ Transplantation?,2019-04-16,321278,8173,585
866,What If All the Sea Water Becomes Fresh Water?,2019-04-14,5052827,95224,6204
867,What If Teleportation Was Possible?,2019-04-12,457031,12386,1042
868,What If a Black Hole Entered Our Solar System?,2019-04-10,2706048,50598,3549
869,What If We Built an Artificial Planet?,2019-04-08,1398998,31738,2617
870,What If Humanity Became an Interstellar Species?,2019-04-06,684119,17879,1605
871,What If the African Continent Broke Apart?,2019-04-04,1396113,18931,1331
872,What If We Could Build a Replica of the Sun on Earth?,2019-04-02,500552,11378,979
873,What If We Covered the Moon With Solar Panels?,2019-03-31,487613,11804,1043
874,What If You Died in Space?,2019-03-29,2017947,37601,1816
875,What Happens If You Eat Uranium?,2019-03-27,815751,19827,1597
876,What If Earth’s Axis Was Tilted by 90 Degrees?,2019-03-25,400102,7691,675
877,What If You Were Alive 200 Million Years Ago,2019-03-23,1552626,29723,1940
878,What If We Stopped Vaccinations?,2019-03-21,146370,6263,684
879,What If We Terraformed Venus?,2019-03-19,1800039,37686,2962
880,What If Earth's Topography Was Inverted?,2019-03-17,438073,9073,687
881,What If Life Didn’t Originate on Earth?,2019-03-15,431715,9252,946
882,What If Jupiter Became a Star?,2019-03-13,2818412,41852,3418
883,What If You Could Swim in Titan’s Lakes?,2019-03-11,2268808,41485,1933
884,What If We’re Living in a Computer Simulation?,2019-03-09,568548,16785,1887
885,What If Humans Were Immortal?,2019-03-07,1437007,31346,3764
886,What If There Was a 3rd Industrial Revolution?,2019-03-05,222726,5034,310
887,What If Earth Had a Global Hyperloop Network?,2019-03-03,362558,7955,603
888,What If Our Sun Became a Black Dwarf?,2019-03-01,1333472,22213,1350
889,What If the World Lost Oxygen for Five Seconds?,2019-02-27,11860183,297333,16972
890,What If Time Is an Illusion?,2019-02-25,1139504,31447,2360
891,What If You Fell Into Jupiter?,2019-02-23,11599738,185077,11297
892,What If Earth’s Oceans Evaporated?,2019-02-21,843566,12912,1425
893,What If We Never Started Hunting Whales?,2019-02-19,1595623,25975,1639
894,What If Genetically Modified People Became the Norm?,2019-02-17,133634,3205,428
895,What If Everyone Lived Underground?,2019-02-15,464272,8120,503
896,What If the Earth Was a Moon of Jupiter?,2019-02-13,3433216,56844,3649
897,What If There Were No More Cats?,2019-02-11,490906,15229,2163
898,What If Planet X Was Real?,2019-02-09,753802,15440,1301
899,What Happens If Everyone Flushed at the Same Time?,2019-02-07,1261982,23176,2257
900,What If a Wormhole Formed in Our Solar System?,2019-02-05,806254,18808,878
901,What If the Sahara Desert Was Covered With Solar Panels?,2019-02-03,4634768,83355,6871
902,What If You Were the Last Person on Earth?,2019-02-01,6027146,119396,12736
903,What If The Earth Had Two Moons?,2019-01-30,1971302,34354,2366
904,What If We Built an Elevator to Space?,2019-01-28,431346,6498,529
905,What If We Built a Dyson Sphere Around the Sun?,2019-01-26,654753,13067,723
906,What If We Sent All Our Garbage Into Space?,2019-01-22,1120092,23160,3056
907,What If You Were Born on a Space Station?,2019-01-20,2244545,35198,2496
908,What If There Was a Meal Replacement Pill?,2019-01-18,267741,6169,520
909,What If Humans Became Cold-Blooded?,2019-01-16,508313,10983,535
910,What If the Ocean Was Transparent?,2019-01-14,2871651,51055,3152
911,What If Earth Lost All Its Coral Reefs?,2019-01-12,68728,1480,87
912,What If Your DNA Suddenly Disappeared?,2019-01-10,364472,8116,551
913,What If The Moon Landing Was Faked?,2019-01-08,376868,7201,1261
914,What If Earth Suddenly Stopped Spinning?,2019-01-06,1750193,29854,1826
915,What If We Detonated a Nuclear Bomb on the Moon?,2019-01-04,1055201,16450,1564
916,What If We Are Not the First Advanced Civilization on Earth?,2019-01-02,1233077,22087,2131
917,What If You Had One Hundred Billion Dollars,2018-12-31,1941443,41599,6617
918,What If Money Didn't Exist?,2018-12-29,541226,13862,1672
919,What If the Earth Was Tidally Locked to the Sun?,2018-12-27,462118,7421,533
920,What If We Had Two Suns?,2018-12-25,1356396,26617,1704
921,What If You Had to Repopulate the Planet?,2018-12-23,1369195,28476,4262
922,What If Earth Suddenly Lost Its Atmosphere?,2018-12-21,516897,7998,406
923,What If Everyone Turned off Their Lights at the Same Time?,2018-12-19,1482467,36492,2705
924,What If NASA Had the U.S. Military's Budget?,2018-12-17,533874,13767,1964
925,What If the Internet Stopped Working?,2018-12-15,920888,23497,3467
926,What If We Started Mining Asteroids?,2018-12-13,462756,7581,446
927,What If We Stopped Recycling?,2018-12-11,138271,1990,105
928,What If You Lived Fifty Years in the Future?,2018-12-09,2103037,44530,5395
929,What If You Stepped Into The Vacuum of Space?,2018-12-07,265750,5018,232
930,What If All the World's Ice Melted?,2018-12-05,2921595,48201,3418
931,What If Insects Disappeared From The Planet?,2018-12-03,832637,17071,1712
932,What If All Humans Suddenly Disappeared From The Earth?,2018-11-30,1125016,23652,2607
933,What If The Universe Stopped Expanding?,2018-11-28,677219,17367,1054
934,What If All Cars Were Electric?,2018-11-26,400837,10039,904
935,What If We Could Breathe Underwater?,2018-11-24,1559156,30613,2344
936,What If We Stopped Burning Fossil Fuels RIght Now?,2018-11-22,258746,6010,551
937,What If an Asteroid Hit the Earth?,2018-11-20,1682183,27444,2165
938,What If Machines Took Over?,2018-11-18,269138,6307,563
939,What If Earth’s Magnetic Poles Flipped?,2018-11-16,236567,4442,298
940,What If You Cloned Your Body?,2018-11-14,244962,5153,769
941,What If The Sun Was Smaller Than The Earth?,2018-11-12,3889077,57063,4180
942,What If The Earth Was a Cube?,2018-11-10,1830946,37738,4835
943,What If the Milky Way and Andromeda Galaxies Collided?,2018-11-05,1463716,28368,2007
944,What If The Earth’s Core Cooled Down?,2018-11-03,1279880,21901,1239
945,What If We Could Communicate From Brain to Brain?,2018-10-31,121957,2542,218
946,What If We All Lived on Mars?,2018-10-29,1760387,35806,2800
947,What If All of the Volcanoes on Earth Erupted at Once?,2018-10-26,1201979,20145,1650
948,What If You Stopped Sleeping?,2018-10-23,6015868,114615,7388
949,What If Plastic Was Never Invented?,2018-10-22,1697631,38796,3745
950,What If You Made an Actual Model of the Periodic Table?,2018-10-17,144326,3707,194
951,What If The Earth Spun Twice as Fast,2018-10-15,1494237,27854,1817
952,What If the Moon Fell to Earth?,2018-10-11,1797194,29427,2432
953,What If Dinosaurs Never Went Extinct?,2018-10-08,1753524,32746,2770
954,What If We Lost The Moon?,2018-10-05,1098692,20595,1424
955,What If You Fell Into a Black Hole?,2018-10-03,12147513,238678,12715
956,What If You Dug a Hole Through the Earth?,2018-10-01,2045159,31843,2182
957,What If the Sun Suddenly Disappeared?,2018-09-28,320327,6687,402
958,What If All the Continents Joined together?,2018-09-26,1527840,25890,2364
959,What If All Ice Melted: Cities in a World Without Ice,2018-09-26,40419,827,52
960,The Earth Is a Cube: What If Our Planet Was Cube Shaped?,2018-09-26,42242,812,92
961,What If Time Travel Was Possible?,2018-09-24,1581378,38801,3371
962,What If We Terraformed the Moon?,2018-09-19,1552817,36939,3477
963,What If Earth Was in Fact Flat?,2018-09-19,2023106,41598,7881
964,What If a Rogue Planet Entered Our Solar System?,2018-09-19,1873749,33205,2265
965,What If We Drained the Oceans?,2018-08-09,3061839,44378,3057
966,What If Everyone in the World Went Vegan?,2018-07-26,629765,18028,3415
967,"What If, an Epic Exploration of Possibilities.",2018-07-18,321600,2896,288
